id,listing_url,scrape_id,last_scraped,name,summary,space,description,experiences_offered,neighborhood_overview,notes,transit,access,interaction,house_rules,thumbnail_url,medium_url,picture_url,xl_picture_url,host_id,host_url,host_name,host_since,host_location,host_about,host_response_time,host_response_rate,host_acceptance_rate,host_is_superhost,host_thumbnail_url,host_picture_url,host_neighbourhood,host_listings_count,host_total_listings_count,host_verifications,host_has_profile_pic,host_identity_verified,street,neighbourhood,neighbourhood_cleansed,neighbourhood_group_cleansed,city,state,zipcode,market,smart_location,country_code,country,latitude,longitude,is_location_exact,property_type,room_type,accommodates,bathrooms,bedrooms,beds,bed_type,amenities,square_feet,price,weekly_price,monthly_price,security_deposit,cleaning_fee,guests_included,extra_people,minimum_nights,maximum_nights,minimum_minimum_nights,maximum_minimum_nights,minimum_maximum_nights,maximum_maximum_nights,minimum_nights_avg_ntm,maximum_nights_avg_ntm,calendar_updated,has_availability,availability_30,availability_60,availability_90,availability_365,calendar_last_scraped,number_of_reviews,number_of_reviews_ltm,first_review,last_review,review_scores_rating,review_scores_accuracy,review_scores_cleanliness,review_scores_checkin,review_scores_communication,review_scores_location,review_scores_value,requires_license,license,jurisdiction_names,instant_bookable,is_business_travel_ready,cancellation_policy,require_guest_profile_picture,require_guest_phone_verification,calculated_host_listings_count,calculated_host_listings_count_entire_homes,calculated_host_listings_count_private_rooms,calculated_host_listings_count_shared_rooms,reviews_per_month
973695,https://www.airbnb.com/rooms/973695,20190714024644,2019-07-14,"Boston Center, Sleeps 1 to 4 people","Best location! the condo that comfortably accommodates up to four guests. Very spacious. Only 10 minutes from most tourist sites, grocery stores, public parking, banks, post offices, restaurants, fitness centers, waterfront, museums and trains/buses. Very safe, well lit, with an elevator.","Hardwood floor throughout the apartment. The bedroom has a comfortable queen size bed with luxurious new bedding. There is an antique queen bed in the living area to accommodate extra guests. The kitchen is fully equipped with granite counter tops and high end steel appliances including a subzero refrigerator. Amenities include heat/central air conditioning, Wi Fi, stereo, and Netflix. Best Location in Town with  grocery markets within 10 minutes well as numerous retail stores and restaurants. Located near Government Center, you are in close proximity to Boston Common, the Public Garden, the State House, Beacon Hill, Faneuil Hall, Quincy Market, Freedom Trail, Downtown Crossing, and within walking distance to Boston Harbor, Aquarium, Copley Square, Newbury Street (high end retail and boutique shopping), Prudential Center, Theater District,  Back Bay and so much more!   Also near Mass General Hospital and colleges (Suffolk University, Emerson College, Boston University, Northeastern Uni","Best location! the condo that comfortably accommodates up to four guests. Very spacious. Only 10 minutes from most tourist sites, grocery stores, public parking, banks, post offices, restaurants, fitness centers, waterfront, museums and trains/buses. Very safe, well lit, with an elevator. Hardwood floor throughout the apartment. The bedroom has a comfortable queen size bed with luxurious new bedding. There is an antique queen bed in the living area to accommodate extra guests. The kitchen is fully equipped with granite counter tops and high end steel appliances including a subzero refrigerator. Amenities include heat/central air conditioning, Wi Fi, stereo, and Netflix. Best Location in Town with  grocery markets within 10 minutes well as numerous retail stores and restaurants. Located near Government Center, you are in close proximity to Boston Common, the Public Garden, the State House, Beacon Hill, Faneuil Hall, Quincy Market, Freedom Trail, Downtown Crossing, and within walking dis",none,"The apartment is in the best location in town. Within a 20 minute walk you can see the Atlantic ocean, Faneuil Hall market/restaurants , golden dome State house, Italian town North End, Beacon Hill, Mass General Hospital, Chinatown, Downtown shopping, Science museum, Charles river walk/bike, Cambridge, Newbury street",4 days minimum stay Need a condo in midtown NYC for 1-4 people?  Need a country cape cod estate with a swimming pool for 10 people within 1 hour from Boston?  Email me for information.,"There are trains, buses , taxis, rental cars within 2 block areas. But Boston being so compact , walking  is the best means to get around.",to the entire apartment. If you have mail coming please let us know far ahead and if possible to send it weeks before arrival,someone will check and/or call to make sure all guests have what they need.,Sorry no smoking. Please treat this beautiful immaculate apartment like your own.,NA,NA,https://a0.muscache.com/im/pictures/103300108/8a612eb8_original.jpg?aki_policy=large,NA,1760577,https://www.airbnb.com/users/show/1760577,Claire,2012-02-16,"Boston, Massachusetts, United States","We have 3 places in New England area, a 1 bedroom apartment in Boston and in NYC as well as a 6 bedroom home in Sturbridge Mass area just 1 hour from Boston. You will just love our unique beautiful home in 10 acres  with stone walls , large pond and a three horse stall with its 2 acre paddock surrounded by rolling conservation land. A perfect place for outdoor activities.
     We have a  1 bedroom  apartment ( fits 1-4 people) in central Boston and ALSO in NEW YORK CITY . Come and stay and you will say it is the perfect apartment and location !!
        We are avid architectural buff with strong interests in preserving nature for future generations. We are Sierra Club members and relish hiking and biking.  We have used Aibnb for our stays across the country and love it.
  
I will go the extra mile to make sure that you have everything you need .",within an hour,100%,N/A,TRUE,https://a0.muscache.com/defaults/user_pic-50x50.png?v=3,https://a0.muscache.com/defaults/user_pic-225x225.png?v=3,Government Center,2,2,"['email', 'phone', 'reviews', 'kba']",FALSE,FALSE,"Boston, MA, United States",Government Center,Downtown,NA,Boston,MA,02114,Boston,"Boston, MA",US,United States,42.35929,-71.06086,TRUE,Apartment,Entire home/apt,4,1,1,2,Real Bed,"{TV,""Cable TV"",Internet,Wifi,""Air conditioning"",Kitchen,""Free parking on premises"",Doorman,Elevator,""Indoor fireplace"",""Buzzer/wireless intercom"",Heating,""Family/kid friendly"",Washer,Dryer,""Smoke detector"",""Carbon monoxide detector"",""First aid kit"",""Safety card"",""Fire extinguisher"",Essentials,Shampoo,""24-hour check-in"",Hangers,""Hair dryer"",Iron,""Laptop friendly workspace"",Bathtub,""Hot water""}",1200,$250.00,"$1,700.00","$5,500.00","$2,000.00",$295.00,2,$0.00,3,600,3,3,600,600,3,600,7 weeks ago,TRUE,4,20,48,310,2019-07-14,53,6,2013-09-15,2019-06-28,95,9,10,9,10,10,9,FALSE,NA,"{""Massachusetts State"","" Massachusetts State""}",FALSE,FALSE,strict_14_with_grace_period,TRUE,TRUE,1,1,0,0,0.75
2547129,https://www.airbnb.com/rooms/2547129,20190714024644,2019-07-14,"Heart of Boston, MOdern 1 bedroom by Faneuil Hall","The perfect location in the heart of downtown Boston, walking distance to to Mass General Hospital, the Financial District, The North End, The Waterfront  and Faneuil Hall/Quincy market place.  The Haymarket t stop is less then one block away.","Beautiful, bright and modern apartment overlooking  Union park  and steps away from the historic Union Oyster House. Walk to the TD garden for a concert, hockey game or to see the Celtics. Perfect for temporary home if you are relocating to Boston, apartment has a full sized,  beautifully equipped kitchen, in suite washer and dryer, linen included as well as a fully equipped kitchen.  All the comforts of a home away from home.","The perfect location in the heart of downtown Boston, walking distance to to Mass General Hospital, the Financial District, The North End, The Waterfront  and Faneuil Hall/Quincy market place.  The Haymarket t stop is less then one block away. Beautiful, bright and modern apartment overlooking  Union park  and steps away from the historic Union Oyster House. Walk to the TD garden for a concert, hockey game or to see the Celtics. Perfect for temporary home if you are relocating to Boston, apartment has a full sized,  beautifully equipped kitchen, in suite washer and dryer, linen included as well as a fully equipped kitchen.  All the comforts of a home away from home. Private apartment with fully equipped kitchen, beautifully appointed bathroom,  Queen sized bed, large comfortable leather sectional and 46"" flat screen TV and in suite washer and dryer. I am available to meet guests and answer any questions they have. Step outside your door and begin your historical tour of Boston.  Stop a",none,"Step outside your door and begin your historical tour of Boston.  Stop at Modern Bakery for a canoli  or piece of Ricotta pie  while strolling thru the North end on your way to Paul Reveres home or the Old North Church. Boston is beautiful, rich in history, and offers activities for all tastes. Best of all it is completely walkable from this location.  Haymarket Square is right outside your door with dozens of fresh fruit, vegetable, and flowers  vendors all  week-end long. The Holocaust Memorial is the park fronting our building, a very moving experience not to be missed.. The Haymarket, aquarium and Govenment Center T stops are all within a short 5-10 minute walk as is the waterfront and Faneuil Hall market place.","This property is above an Irish Pub, may get a little loud on week-end nights. Please note that I provide a welcome bag with a few rolls of toilet paper, paper towels, sponge, dish soap, hand soap, bar of bath soap, shampoo and several trash bags. This is generally enough for several days until guests can get to the convenience store on the corner or the market 1 mile away.","The Haymarket T stop is less then a block away as are three additional T stops, the green line and government center, aquarium t stop which is the blue line or walk to South Station in 20 minutes. less then a 10 minute walk to Mass General Hospital, the Financial District and Charles St T stop to Harvard and Cambridge.","Private apartment with fully equipped kitchen, beautifully appointed bathroom,  Queen sized bed, large comfortable leather sectional and 46"" flat screen TV and in suite washer and dryer.",I am available to meet guests and answer any questions they have.,"No smoking, no pets, no parties",NA,NA,https://a0.muscache.com/im/pictures/49465857/e0815672_original.jpg?aki_policy=large,NA,3137257,https://www.airbnb.com/users/show/3137257,Local Furnished Rentals,2012-08-02,"Boston, Massachusetts, United States","We are a small, local, short term rental company featuring homes, condominiums and apartments in great Boston locations and south shore communities. 
Our goal is to create an experience that feels like home.... We live and work in the neighborhoods of our properties and are ALWAY happy to answer any questions and help you feel comfortable throughout your stay.",within an hour,100%,N/A,TRUE,https://a0.muscache.com/im/pictures/702feb5f-bbd9-4e0d-bb56-3a464fe0748a.jpg?aki_policy=profile_small,https://a0.muscache.com/im/pictures/702feb5f-bbd9-4e0d-bb56-3a464fe0748a.jpg?aki_policy=profile_x_medium,Downtown,12,12,"['email', 'phone', 'reviews', 'jumio', 'offline_government_id', 'government_id', 'work_email']",TRUE,TRUE,"Boston, MA, United States",Government Center,Downtown,NA,Boston,MA,02108,Boston,"Boston, MA",US,United States,42.36277,-71.05939,TRUE,Apartment,Entire home/apt,2,1,1,1,Real Bed,"{TV,""Cable TV"",Internet,Wifi,""Air conditioning"",Kitchen,""Paid parking off premises"",""Buzzer/wireless intercom"",Heating,""Family/kid friendly"",Washer,Dryer,""Smoke detector"",""Carbon monoxide detector"",""Fire extinguisher"",Essentials,Shampoo,""24-hour check-in"",Hangers,""Hair dryer"",Iron,""Laptop friendly workspace"",""Private entrance"",""Hot water"",""Luggage dropoff allowed"",""Long term stays allowed"",Other}",NA,$175.00,"$1,300.00","$3,400.00",$500.00,$125.00,2,$0.00,3,1123,3,30,1123,1123,14.2,1123,today,TRUE,12,29,50,97,2019-07-14,72,23,2014-08-24,2019-07-03,94,10,10,10,10,10,10,FALSE,NA,"{""Massachusetts State"","" Massachusetts State""}",TRUE,FALSE,strict_14_with_grace_period,FALSE,FALSE,8,8,0,0,1.21
13189564,https://www.airbnb.com/rooms/13189564,20190714024644,2019-07-14,Historic townhouse in center of Boston,"Our place is perfect for a business traveler, couple, family, or group of friends! It's tucked behind the hustle and bustle of Faneuil Hall, just off an original cobblestone alleyway. There are several restaurants, offices, and a market in the immediate area. You would be steps away from Quincy Market, City Hall Plaza, and the North End neighborhood. The house is private and peaceful, but please keep in mind it is in an urban setting and in a part of town with a lot of activity and noise!","This gated three story 1600 sq. ft townhouse was built as a carriage house and, during the Federalist era, became the workshop of famous Boston furniture makers John and Thomas Seymour. The original beams are still in place along with the winch and pulley that were used to transport hay to the upper floors (located in the fourth floor attic). You will find exposed brick throughout the house along with custom made wall panels made of Cypress imported from New Orleans. We have done our best to maintain the historic integrity, while also making modern upgrades for comfortable living. Quality Amenities We strive to fuse the experience of living in a unique Boston home with hotel standards. The beds are comfortable and all linens are professionally laundered between each stay. Shampoo, conditioner, body wash, and facial cleansing wipes are always provided, in addition to regular household necessities. *in addition to central AC, we have installed a portable AC unit to the third floor to coo","Our place is perfect for a business traveler, couple, family, or group of friends! It's tucked behind the hustle and bustle of Faneuil Hall, just off an original cobblestone alleyway. There are several restaurants, offices, and a market in the immediate area. You would be steps away from Quincy Market, City Hall Plaza, and the North End neighborhood. The house is private and peaceful, but please keep in mind it is in an urban setting and in a part of town with a lot of activity and noise! This gated three story 1600 sq. ft townhouse was built as a carriage house and, during the Federalist era, became the workshop of famous Boston furniture makers John and Thomas Seymour. The original beams are still in place along with the winch and pulley that were used to transport hay to the upper floors (located in the fourth floor attic). You will find exposed brick throughout the house along with custom made wall panels made of Cypress imported from New Orleans. We have done our best to maintain",none,NA,"Please note that while we have functioning AC, it has a tough time keeping up with extreme heat (85+ and humid) and will not drop below 74 degrees inside with such conditions. We have a forced air unit coming from the basement, therefore the top floor is affected the most. We have three fans to help circulate the air and it helps to keep the shades closed. It has been an inconvenience to 3 guests out of about 75, hence the mention.",One parking space in front of property. 5 minute walk to Haymarket Station (Orange and Green lines).,NA,"Typically I leave keys in a lock box, but I am always up for meeting my guests (if I am in town) and showing them around the house and giving recommendations for cool things to do. I leave this up to the guest!","- House Rules. Please and thank you. No parties. Help keep the rugs clean by keeping shoes off them. Keep the gate closed at all times. Lock both locks of the front door. When you leave the house, lock all windows and balcony doors. No smoking in house or in courtyard. You may smoke outside the gate. No drinks on the Seymour sideboard on which the TV and Turntable sit.  You are welcome to use all books, records, wares, and amenities included in the house during your stay, but kindly do not take home any souvenirs from the house. DO NOT use fireplaces.",NA,NA,https://a0.muscache.com/im/pictures/fda9bc01-2c84-4189-8b0b-c639fd8cbfc5.jpg?aki_policy=large,NA,50767440,https://www.airbnb.com/users/show/50767440,Renee,2015-12-07,"Boston, Massachusetts, United States","I guess I'm really into the whole hospitality thing! When I'm not hosting old and new friends I'm feeding people at my restaurant, Saus (*Plug: a lively little spot with delicious french fries, beer, and a friendly staff). If I'm not in Boston I'm probably in my hometown Chicago, eating Mom's home cooking or talking about the 2016 Cubs.",within an hour,100%,N/A,TRUE,https://a0.muscache.com/im/pictures/065f0dc1-ff0c-439a-9d25-fb57ad3bcc33.jpg?aki_policy=profile_small,https://a0.muscache.com/im/pictures/065f0dc1-ff0c-439a-9d25-fb57ad3bcc33.jpg?aki_policy=profile_x_medium,Downtown,2,2,"['email', 'phone', 'reviews', 'jumio', 'selfie', 'government_id', 'identity_manual']",TRUE,TRUE,"Boston, MA, United States",Government Center,Downtown,NA,Boston,MA,02108,Boston,"Boston, MA",US,United States,42.36099,-71.05777,TRUE,Townhouse,Entire home/apt,6,1.5,2,3,Futon,"{TV,Internet,Wifi,""Air conditioning"",Kitchen,""Free parking on premises"",Heating,""Family/kid friendly"",Washer,Dryer,""Smoke detector"",""Carbon monoxide detector"",""Fire extinguisher"",Essentials,Shampoo,""24-hour check-in"",Hangers,""Hair dryer"",Iron,""Laptop friendly workspace"",""translation missing: en.hosting_amenity_50"",""Self check-in"",Lockbox,""Hot water"",""Coffee maker"",Dishwasher}",NA,$425.00,NA,NA,$400.00,$150.00,1,$0.00,2,1125,2,2,1125,1125,2,1125,today,TRUE,5,21,36,116,2019-07-14,174,64,2016-07-21,2019-06-27,97,10,10,10,10,10,9,FALSE,NA,"{""Massachusetts State"","" Massachusetts State""}",TRUE,FALSE,strict_14_with_grace_period,FALSE,FALSE,1,1,0,0,4.79
15844973,https://www.airbnb.com/rooms/15844973,20190714024644,2019-07-14,☆Penthouse - Stunning Harbor View - Walk Score 97❤,• Private bedroom in $2MM Penthouse • Walk Score 97 • Transit Score 100 • 7 min walk to Mass. General Hospital • High-speed wifi • In an Airbnb-friendly building • 34th floor Boston Harbor and ocean views from common space • Spacious bedroom looks out over famous Zakim Bridge and Charlestown • Fully equipped + stocked kitchen • You may store your bags here on the date of departure Not available? Check out my other listings in this apartment: airbnb.com/rooms/15841355 airbnb.com/rooms/23750596,￫ 1 private room in a 34th floor 3 bedroom penthouse apartment. Please note this is not an entire apartment for rent. ￫ Plenty of closet space in room for longer stays ￫ Your room is private and the rest of the apartment is shared with your hosts and potentially another group of carefully screened guests. Please inquire for the dates you will be staying if you’d like to know with whom you’ll be sharing our home. ￫ One full bathrooom and one half bathroom are available for you to use. Both are shared with the other guest room in the apartment. ￫ Air mattress provided for 3rd guest,• Private bedroom in $2MM Penthouse • Walk Score 97 • Transit Score 100 • 7 min walk to Mass. General Hospital • High-speed wifi • In an Airbnb-friendly building • 34th floor Boston Harbor and ocean views from common space • Spacious bedroom looks out over famous Zakim Bridge and Charlestown • Fully equipped + stocked kitchen • You may store your bags here on the date of departure Not available? Check out my other listings in this apartment: airbnb.com/rooms/15841355 airbnb.com/rooms/23750596 ￫ 1 private room in a 34th floor 3 bedroom penthouse apartment. Please note this is not an entire apartment for rent. ￫ Plenty of closet space in room for longer stays ￫ Your room is private and the rest of the apartment is shared with your hosts and potentially another group of carefully screened guests. Please inquire for the dates you will be staying if you’d like to know with whom you’ll be sharing our home. ￫ One full bathrooom and one half bathroom are available for you to use. Both are shar,none,Our apartment is located right between the historic North End and Beacon Hill neighborhoods. You can walk to both in under 5 minutes and can be at the waterfront on the Charles is even less time. The North End is the historic Italian neighborhood. It is made up of charming alleys packed with independent Italian restaurants and cannoli stores. Beacon Hill is Boston's high-end residential neighborhood with beautiful red-brick row houses and cobbled streets.  A short walk around this neighborhood will unveil centuries-old architectural treasures from the earliest days of Boston's history. You are also walking distance from the Financial District and right next to TD Garden.,"Please be aware that we are not a hotel and we do not operate like a hotel. While we do everything we can to make your stay as comfortable, convenient and enjoyable as possible, I work full time so rely on our guests to handle room changeovers. This means you will need to make up your own bed when you arrive (we will provide you with a full set of clean sheets) and leave the room as you found it when you depart.","I highly recommend using Uber in Boston: For $10 in Uber credit, use my code - 6xz18 ￫ 3 major T stops within a 5-minute walk to access the Red (Cambridge), Orange and Green lines ￫ 5min to North Station which gives you access to local commuter trains","What's ours is yours! (With the small exception of some of the food in the fridge) We're happy to share. Pots and pans, cooking ingredients, coffee and breakfast food in the morning, the TV, even toothpaste if you need it! We'll provide you with clean sheets, towels, shampoo and soap when you arrive. There will be coffee, bread, eggs, milk and cereal in kitchen, to which you are always welcome. You’ll also be able to use the building’s gym and the swimming pool in the summer.","I live in this apartment full time and frequently have family and friends staying with me. When I don't, I also rent out the third room on Airbnb.  I love meeting new people and I love hosting but I'll take your lead on how much you want to interact. If you want to hang out and talk, I'm down. If you want privacy and time to yourself, I get that too. If you need recommendations for restaurants, bars, activities or anything else, I'm more than happy to point you in the right direction. I am available by phone most of the time.","- When booking same day, please note that you will need to have access to the internet prior to arrival to receive the instructions we will provide - As a general rule, we simply ask that you recognize you are sharing our home with us, and not staying in a hotel.   - We ask that you leave the room as you found it (clean and tidy with the bed stripped) . We have the room professionally cleaned regularly and will provide you with clean sheets and towels but we do not have a changeover service to clean the room and change the bed between guests. This approach works extremely well and allows us to accommodate short stays, not charge a cleaning fee and be very flexible with checkin/out times. - A $25 charge will be applied for lost or unreturned keys. - Unfortunately, the rules of our building do not allow us to accommodate pets. We do, however, firmly embrace Airbnb's Assistance Animal policy. While we recognize that you are not required to do so, we do appreciate a heads up if you are bri",NA,NA,https://a0.muscache.com/im/pictures/521cb862-7f4b-4d28-8141-a9a5727b4c50.jpg?aki_policy=large,NA,14232249,https://www.airbnb.com/users/show/14232249,Henry,2014-04-13,"Boston, Massachusetts, United States","I am a young professional working in the Tech industry. I'm friendly, respectful and I absolutely love hosting on AirBnB (I've hosted over 1000 stays). 

I've lived in Canada (Vancouver), Bermuda, the English countryside, DC, San Francisco and Boston.

I love to surf, ski, do pretty well anything outdoors and I travel as often as I can.",N/A,N/A,N/A,TRUE,https://a0.muscache.com/im/pictures/user/31c3c625-c828-425a-a759-bbf0b6a2109b.jpg?aki_policy=profile_small,https://a0.muscache.com/im/pictures/user/31c3c625-c828-425a-a759-bbf0b6a2109b.jpg?aki_policy=profile_x_medium,Government Center,3,3,"['email', 'phone', 'reviews', 'jumio', 'offline_government_id', 'government_id']",TRUE,TRUE,"Boston, MA, United States",Government Center,Downtown,NA,Boston,MA,02114,Boston,"Boston, MA",US,United States,42.36136,-71.06329,TRUE,Serviced apartment,Private room,2,1.5,1,1,Real Bed,"{TV,""Cable TV"",Internet,Wifi,""Air conditioning"",Pool,Kitchen,""Paid parking off premises"",Gym,Breakfast,Elevator,Heating,Washer,Dryer,""Smoke detector"",""Carbon monoxide detector"",""First aid kit"",""Safety card"",""Fire extinguisher"",Essentials,Shampoo,""24-hour check-in"",Hangers,""Hair dryer"",Iron,""Laptop friendly workspace"",""translation missing: en.hosting_amenity_49"",""translation missing: en.hosting_amenity_50"",""Self check-in"",""Smart lock"",""Hot water"",""Bed linens"",Microwave,""Coffee maker"",Refrigerator,Dishwasher,""Dishes and silverware"",""Cooking basics"",Oven,Stove,""Single level home"",""BBQ grill"",""Patio or balcony"",""Luggage dropoff allowed"",""Long term stays allowed"",""No stairs or steps to enter"",""Flat path to guest entrance"",""No stairs or steps to enter"",""No stairs or steps to enter"",""No stairs or steps to enter"",""Paid parking on premises""}",NA,$68.00,NA,NA,$900.00,$300.00,2,$25.00,30,1125,30,30,1125,1125,30,1125,3 months ago,TRUE,0,0,0,0,2019-07-14,258,86,2016-11-12,2018-12-31,96,10,10,10,10,10,9,FALSE,NA,"{""Massachusetts State"","" Massachusetts State""}",TRUE,FALSE,strict_14_with_grace_period,FALSE,FALSE,2,0,2,0,7.94
18908082,https://www.airbnb.com/rooms/18908082,20190714024644,2019-07-14,Spacious 2BR Condo in the West End!,"Located in the West End, Longfellow by Stay Alfred puts you in the midst of Boston’s beauty. You’ll enjoy great amenities including 40 acres of green spaces, an outdoor pool, tennis, basketball court and bocce ball courts, and grilling areas. Walk along the Thoreau Path to relax on the great lawn or jog along the Esplanade. You’re just minutes from Charles Street with great shopping, fun restaurants and pubs or sporting events and concerts at the Garden.","Your spacious Boston condo features a well-designed floorplan, a full kitchen, walk-in closets, and a swanky smart TV. We think it’s the ultimate relaxation destination after a steaming bowl of chowdah.","Located in the West End, Longfellow by Stay Alfred puts you in the midst of Boston’s beauty. You’ll enjoy great amenities including 40 acres of green spaces, an outdoor pool, tennis, basketball court and bocce ball courts, and grilling areas. Walk along the Thoreau Path to relax on the great lawn or jog along the Esplanade. You’re just minutes from Charles Street with great shopping, fun restaurants and pubs or sporting events and concerts at the Garden. Your spacious Boston condo features a well-designed floorplan, a full kitchen, walk-in closets, and a swanky smart TV. We think it’s the ultimate relaxation destination after a steaming bowl of chowdah. Your Beantown apartment is located smack-dab at the center of a sprawling green space, with tennis and basketball courts, a swimming pool, a barbecue area, and an indoor fitness center. We believe in personal space. Prior to your arrival, your unit will be professionally cleaned and your self guided check in process ensures easy arrival",none,"The Bulfinch Triangle ‘hood is the perfect place to begin your Boston adventure. Just blocks from TD Garden, you can watch a Celtics or Bruins game after wandering the stalls of crafts and gourmet goodies at Boston Public Market. With an ideal West End location, you’re also near some of Boston’s favorite restaurants, venues, and notable sights. Within a mile of Boston City Hall Boston Common Boston Public Garden Bowdoin T Station Faneuil Hall Marketplace Haymarket T Station Massachusetts General Hospital Museum of African American History North End neighborhood Orpheum Theatre TD Garden",You will receive your check in instructions from Stay Alfred via email 3 days prior to arrival. Please contact us directly with any questions. Enjoy your stay!,NA,"Your Beantown apartment is located smack-dab at the center of a sprawling green space, with tennis and basketball courts, a swimming pool, a barbecue area, and an indoor fitness center.","We believe in personal space. Prior to your arrival, your unit will be professionally cleaned and your self guided check in process ensures easy arrival with no long lines. Should you need us, we’re here 24/7 with our guest services team and local folks on the ground. And if you don’t need us, we’ll stay out of your way. After all, this is your place in the city.","1. You’re living like a local, be respectful of the other locals. We mean, c’mon, how would you feel if your neighbor wasn’t super awesome?  2. All of our Rental Units are smoke-free environments. Even on the balcony, if you have one. We’re super sorry if this is a bummer, but it’s our policy. Hopefully we told you about it ahead of time and you aren’t super surprised that we still mean it.  3. Pets are super awesome, but they aren’t allowed in our Rental Units. However, if your fur kiddo is a service animal or an emotional support animal, give us a call and we will make reasonable efforts to accommodate your needs, as required by law.   4. Your trip details should already be complete. If they aren’t, give us a call ASAP so we can rectify that! What’s a little information between friends?   5. Your friend, your responsibility. Pretty simple, if you invite them to your Rental Unit, you’re responsible for their actions.   6. While watching a million people get out of a clown car is hilar",NA,NA,https://a0.muscache.com/im/pictures/8754a303-313c-428b-a498-5b7cb3fa30cd.jpg?aki_policy=large,NA,4962900,https://www.airbnb.com/users/show/4962900,Stay Alfred,2013-02-04,"Spokane, Washington, United States","Stay Alfred was created based on the idea of offering short term rentals at an unbelievable price while making the booking process easy and problem free. Stay Alfred acquires properties in high-end buildings and condominiums in the best locations to ensure your stay is satisfying and you want to come back. Since we value your return business, we always offer discounts to those who stay in any of our units time after time. We want you to feel at home when you stay with us and that’s why you will always be greeted with a professionally cleaned unit and quality furnishings. We welcome feedback in any kind of way to ensure we are meeting the needs of everyone!

best,
Jordan Allen
Owner

We cater to:

Urban Vacations
Family Travel
Corporate Housing
Extended stay In Denver, Seattle, and Portland
Insurance and Job Relocation
Events and Weddings 
Military Training and PCS
Government Workers
Pet Friendly Vacationers",within an hour,98%,N/A,FALSE,https://a0.muscache.com/im/pictures/user/e96227e0-8f49-4ef4-8f22-5ae782ec06c3.jpg?aki_policy=profile_small,https://a0.muscache.com/im/pictures/user/e96227e0-8f49-4ef4-8f22-5ae782ec06c3.jpg?aki_policy=profile_x_medium,Central Business District,1751,1751,"['email', 'phone', 'jumio', 'government_id', 'work_email']",TRUE,FALSE,"Boston, MA, United States",Government Center,Downtown,NA,Boston,MA,02114,Boston,"Boston, MA",US,United States,42.36358,-71.06326,TRUE,Apartment,Entire home/apt,5,2,2,3,Real Bed,"{TV,""Cable TV"",Internet,Wifi,""Air conditioning"",Pool,Kitchen,Gym,Elevator,Heating,""Family/kid friendly"",Washer,Dryer,""Smoke detector"",""Carbon monoxide detector"",Essentials,Shampoo,Hangers,""Hair dryer"",Iron,""Laptop friendly workspace"",""Self check-in"",Lockbox,""Pack ’n Play/travel crib"",""Hot water"",""Bed linens"",Microwave,""Coffee maker"",Refrigerator,Dishwasher,""Dishes and silverware"",""Cooking basics"",Oven,Stove,""BBQ grill"",""Long term stays allowed""}",NA,$999.00,NA,NA,$0.00,$119.00,1,$0.00,1,1125,1,3,1125,1125,1.5,1125,today,TRUE,11,41,71,76,2019-07-14,8,3,2017-08-09,2019-06-10,98,10,9,10,10,10,10,FALSE,NA,"{""Massachusetts State"","" Massachusetts State""}",TRUE,FALSE,strict_14_with_grace_period,FALSE,FALSE,32,32,0,0,0.34
20787717,https://www.airbnb.com/rooms/20787717,20190714024644,2019-07-14,Loft with Private Roof Deck in Historic Location,"Located at a Must-Go location in Boston Area, Beacon Hill. 1 Mins Walking to Train and Subway. Close to hundreds of Restaurants, Bars, CVS, Supermarket and etc.(5 Mins Walk) Close to Most of the Attractions in Boston, Including Boston Common, Harvard University, MIT, Fenway Park, Boston University, Downtown Boston No Parties Allowed in This Apartment. Feel free to contact me if you have any questions :) More details are available below.","This luxury Loft apartment has 2 bedrooms and 2 bathrooms, having a total of 3 Queen size beds and another 1 Queen size Sofa Bed. The first bedroom has two Queen adjustable beds, the second bedroom also has one Queen adjustable beds, and the living room has one more Queen size sofa bed. All beds are with super comfortable foam memory mattress that could give you all a beautiful dream.  While staying, you could enjoy the private 4K Ultra HD TV and over 200Mbps High-Speed Business WIFI. Iron, cloth hanger, hairdryer and other amenities are included in the closet in both Master bedroom and Guest bedroom. (All 5 Stars review appreciated!) Spacious dining room and living room for you to relax, study and chill. The kitchen is equipped with a full package of amenities and cookware, ready to use. In unit dryer and laundry are also available with free detergent and bleach.  Everything in the apartment has high-end quality and beautiful design, your search for a cozy place to stay has come to an","Located at a Must-Go location in Boston Area, Beacon Hill. 1 Mins Walking to Train and Subway. Close to hundreds of Restaurants, Bars, CVS, Supermarket and etc.(5 Mins Walk) Close to Most of the Attractions in Boston, Including Boston Common, Harvard University, MIT, Fenway Park, Boston University, Downtown Boston No Parties Allowed in This Apartment. Feel free to contact me if you have any questions :) More details are available below. This luxury Loft apartment has 2 bedrooms and 2 bathrooms, having a total of 3 Queen size beds and another 1 Queen size Sofa Bed. The first bedroom has two Queen adjustable beds, the second bedroom also has one Queen adjustable beds, and the living room has one more Queen size sofa bed. All beds are with super comfortable foam memory mattress that could give you all a beautiful dream.  While staying, you could enjoy the private 4K Ultra HD TV and over 200Mbps High-Speed Business WIFI. Iron, cloth hanger, hairdryer and other amenities are included in the",none,"The best location you can get in Boston! Over 100 of Restaurants & Shops& Bars &CVS &Convenience stores & More, all within 5 mins walk!",NA,Right in the center of Boston. Red train & Green train & Bus & Other public commuter are all within only 3 mins walk.  Very Close to Downtown Boston & MIT & Harvard University & Boston Common Park & Newbury Street!!!  The best place to stay in Boston area. - Most of the place around Boston is within 10 dollars with Uber - 5 mins to Downtown Boston (Red Train) - 6 mins to MIT - 10 mins to Harvard University - 10 mins to Fenway Park - 8mins to Newbury Street - 12 mins to Boston University - 22 mins to Boston College (Green train) - 25 mins to Northeastern University (Green train) - Lots of street parking spots - I-90 West high way directly to New York - I-90 East high way directly to Logan Airport,Digital lock enables the self check-in and check-out.,"The Apartment has self-in and self-check system(enabled by a smart digital lock), the guest will not have to meet the host but don't hesitate to reach out to Cora whenever you need any help.","No Party, Please! Any complaints from neighbors will result in asking to leave. Please keep quiet down while self-check in.",NA,NA,https://a0.muscache.com/im/pictures/4f87f8ee-3260-4e3a-a1f9-ed0e8c98daf2.jpg?aki_policy=large,NA,104174476,https://www.airbnb.com/users/show/104174476,Cora,2016-11-17,"Boston, Massachusetts, United States",NA,within an hour,100%,N/A,FALSE,https://a0.muscache.com/im/pictures/0f1e9254-d672-4dde-9ad1-beb3fccd29c0.jpg?aki_policy=profile_small,https://a0.muscache.com/im/pictures/0f1e9254-d672-4dde-9ad1-beb3fccd29c0.jpg?aki_policy=profile_x_medium,Allston-Brighton,4,4,"['email', 'phone', 'google', 'reviews', 'work_email']",TRUE,FALSE,"Boston, MA, United States",Government Center,Downtown,NA,Boston,MA,02114,Boston,"Boston, MA",US,United States,42.36225,-71.0629,FALSE,Loft,Entire home/apt,6,2,2,4,Real Bed,"{TV,""Cable TV"",Wifi,""Air conditioning"",Kitchen,""Indoor fireplace"",Heating,Washer,Dryer,""Smoke detector"",""Carbon monoxide detector"",""First aid kit"",""Fire extinguisher"",Essentials,Shampoo,Hangers,""Hair dryer"",Iron,""Hot water"",""Bed linens"",""Ethernet connection"",Microwave,""Coffee maker"",Refrigerator,Dishwasher,""Dishes and silverware"",""Cooking basics"",Oven,Stove,""Patio or balcony"",""Long term stays allowed"",""Wide hallways"",""Wide entrance for guests"",""Flat path to guest entrance"",""Well-lit path to entrance"",""Wide entrance"",""Extra space around bed"",""No stairs or steps to enter"",""Wide doorway to guest bathroom"",""Accessible-height toilet"",""Wide clearance to shower, toilet"",""Wide entryway""}",NA,$388.00,NA,NA,$500.00,$80.00,4,$40.00,2,1125,2,2,1125,1125,2,1125,today,TRUE,2,9,9,82,2019-07-14,56,29,2017-09-10,2019-06-19,95,10,9,10,10,10,9,FALSE,NA,"{""Massachusetts State"","" Massachusetts State""}",TRUE,FALSE,strict_14_with_grace_period,FALSE,FALSE,2,2,0,0,2.5
23818924,https://www.airbnb.com/rooms/23818924,20190714024644,2019-07-14,State House - Downtown Boston - Perfect Location,Nice Guest Bedroom for individual or couple to enjoy a few nights in Boston as our guest.  Private Bedroom and Bath with stand up shower.  Enjoy morning coffee and kitchen access and living room. Walk to everything. Metro - T stop across street. Paid parking garage near apartment. Steps to Freedom Trail and all the sites.,"Bedroom - Queen Bed, nightstands, lamps, desk, closet and drawer","Nice Guest Bedroom for individual or couple to enjoy a few nights in Boston as our guest.  Private Bedroom and Bath with stand up shower.  Enjoy morning coffee and kitchen access and living room. Walk to everything. Metro - T stop across street. Paid parking garage near apartment. Steps to Freedom Trail and all the sites. Bedroom - Queen Bed, nightstands, lamps, desk, closet and drawer Secure Building - requires meet and greet with key unless other arrangements are made in advance Available as needed and welcoming. Center of Boston available to everything  - Block to Whole Foods, Pharmacy, Mass General Hospital, fine restaurants and shopping. TD Garden and Fenway Park. Public Paid parking garage. Metro - T, Uber or walking We occupy the adjacent master unit and keep a normal quiet schedule. No pets in unit. AC and Heat.",none,"Center of Boston available to everything  - Block to Whole Foods, Pharmacy, Mass General Hospital, fine restaurants and shopping. TD Garden and Fenway Park. Public Paid parking garage.",We occupy the adjacent master unit and keep a normal quiet schedule. No pets in unit. AC and Heat.,"Metro - T, Uber or walking",Secure Building - requires meet and greet with key unless other arrangements are made in advance,Available as needed and welcoming.,"Please no smoking inside, no strong perfumes.",NA,NA,https://a0.muscache.com/im/pictures/8ac55fde-e034-4f68-8812-5e7c08d7dd85.jpg?aki_policy=large,NA,162451468,https://www.airbnb.com/users/show/162451468,Yelena,2017-12-12,"Boston, Massachusetts, United States",Professional that enjoys travel and an being active.,within a few hours,100%,N/A,TRUE,https://a0.muscache.com/im/pictures/user/d38016b1-c1cd-4a2a-baa4-b649ebe76572.jpg?aki_policy=profile_small,https://a0.muscache.com/im/pictures/user/d38016b1-c1cd-4a2a-baa4-b649ebe76572.jpg?aki_policy=profile_x_medium,NA,1,1,"['phone', 'jumio', 'offline_government_id', 'selfie', 'government_id', 'identity_manual']",TRUE,FALSE,"Boston, MA, United States",Government Center,Downtown,NA,Boston,MA,NA,Boston,"Boston, MA",US,United States,42.35919,-71.058,FALSE,Apartment,Private room,2,2,1,1,Real Bed,"{TV,""Cable TV"",Wifi,""Air conditioning"",Kitchen,""Paid parking off premises"",Elevator,Heating,Washer,Dryer,""Smoke detector"",""Fire extinguisher"",Essentials,Shampoo,""Lock on bedroom door"",Hangers,""Hair dryer"",Iron,""Laptop friendly workspace"",""Self check-in"",""Smart lock"",""Hot water"",""Bed linens"",""Extra pillows and blankets"",""Ethernet connection"",Microwave,""Coffee maker"",Refrigerator,""Patio or balcony"",""Luggage dropoff allowed"",""Wide hallways"",""No stairs or steps to enter"",""Wide entrance for guests"",""No stairs or steps to enter"",""Wide entrance"",""No stairs or steps to enter"",""No stairs or steps to enter"",""Wide entryway"",""Paid parking on premises""}",NA,$185.00,NA,NA,$0.00,$21.00,2,$25.00,1,180,1,1,180,180,1,180,2 months ago,TRUE,0,18,48,48,2019-07-14,29,19,2018-04-08,2019-06-10,99,10,10,10,10,10,10,FALSE,NA,"{""Massachusetts State"","" Massachusetts State""}",FALSE,FALSE,flexible,FALSE,FALSE,1,0,1,0,1.88
28364193,https://www.airbnb.com/rooms/28364193,20190714024644,2019-07-14,Cosy and quaint apartment in lovely Beacon Hill,"Welcome in our cosy apartment in the quaintness Beacon Hill. Located in the very center of Boston, you'll spend a wonderful time in this charming neighborhood close to the top 5 attractions in Boston: the Freedom trail, Faneuil Hall market, Fenway park, Harvard university, Public garden and so much more.",2 bedrooms with queen beds  1 couch  1 queen air mattress  3 fans,"Welcome in our cosy apartment in the quaintness Beacon Hill. Located in the very center of Boston, you'll spend a wonderful time in this charming neighborhood close to the top 5 attractions in Boston: the Freedom trail, Faneuil Hall market, Fenway park, Harvard university, Public garden and so much more. 2 bedrooms with queen beds  1 couch  1 queen air mattress  3 fans Entire apartment Available by phone, text and email",none,NA,NA,NA,Entire apartment,"Available by phone, text and email",NA,NA,NA,https://a0.muscache.com/im/pictures/43f125d4-d2ff-4214-aa71-8877d5c5d71d.jpg?aki_policy=large,NA,214153218,https://www.airbnb.com/users/show/214153218,Anna,2018-09-07,"Boston, Massachusetts, United States",Young professional who loves travelling,within an hour,100%,N/A,FALSE,https://a0.muscache.com/im/pictures/user/6b4eb46d-41c4-4476-aef1-6d5a6aae15dd.jpg?aki_policy=profile_small,https://a0.muscache.com/im/pictures/user/6b4eb46d-41c4-4476-aef1-6d5a6aae15dd.jpg?aki_policy=profile_x_medium,NA,0,0,"['email', 'phone', 'offline_government_id', 'selfie', 'government_id', 'identity_manual']",TRUE,FALSE,"Boston, MA, United States",Government Center,Downtown,NA,Boston,MA,02108,Boston,"Boston, MA",US,United States,42.35816,-71.06075,FALSE,Apartment,Private room,1,1,1,1,Real Bed,"{Wifi,Kitchen,""Paid parking off premises"",Heating,Washer,Dryer,Essentials,Shampoo,Hangers,""Hair dryer"",""Laptop friendly workspace"",""Private entrance"",Microwave,""Coffee maker"",Refrigerator,Dishwasher,""Dishes and silverware"",""Cooking basics"",Oven,Stove}",NA,$350.00,NA,NA,"$3,000.00",$80.00,4,$50.00,2,1125,2,2,1125,1125,2,1125,3 days ago,TRUE,6,6,6,6,2019-07-14,3,3,2018-09-29,2018-10-14,100,10,10,10,10,10,9,FALSE,NA,"{""Massachusetts State"","" Massachusetts State""}",TRUE,FALSE,strict_14_with_grace_period,FALSE,FALSE,1,0,1,0,0.31
33548879,https://www.airbnb.com/rooms/33548879,20190714024644,2019-07-14,Modern Studio in Heart of Boston,"Modern and cozy studio apartment in the heart of Boston. There is no parking included with the apartment, but there are plenty of garages and lots in the area.",NA,"Modern and cozy studio apartment in the heart of Boston. There is no parking included with the apartment, but there are plenty of garages and lots in the area.",none,NA,NA,NA,NA,NA,NA,NA,NA,https://a0.muscache.com/im/pictures/5cbea185-d667-443c-a7eb-856acea63f3d.jpg?aki_policy=large,NA,90034098,https://www.airbnb.com/users/show/90034098,Will And Maddie,2016-08-15,"Portsmouth, New Hampshire, United States",NA,within an hour,100%,N/A,TRUE,https://a0.muscache.com/im/pictures/user/022e89c4-362f-47e9-8360-82218081d106.jpg?aki_policy=profile_small,https://a0.muscache.com/im/pictures/user/022e89c4-362f-47e9-8360-82218081d106.jpg?aki_policy=profile_x_medium,West End,1,1,"['email', 'phone', 'reviews', 'kba']",TRUE,FALSE,"Boston, MA, United States",Government Center,Downtown,NA,Boston,MA,02114,Boston,"Boston, MA",US,United States,42.36232,-71.0593,TRUE,Apartment,Entire home/apt,2,1,0,1,Real Bed,"{TV,Wifi,""Air conditioning"",Gym,Breakfast,Elevator,Heating,Washer,Dryer,""Smoke detector"",""Carbon monoxide detector"",""First aid kit"",""Fire extinguisher"",Essentials,Shampoo,""Lock on bedroom door"",Hangers,""Hair dryer"",Iron,""Laptop friendly workspace""}",NA,$122.00,NA,NA,$0.00,$25.00,1,$50.00,1,1125,1,2,1125,1125,1.7,1125,yesterday,TRUE,28,58,88,178,2019-07-14,6,6,2019-05-10,2019-07-10,93,10,9,9,9,10,9,FALSE,NA,"{""Massachusetts State"","" Massachusetts State""}",TRUE,FALSE,strict_14_with_grace_period,FALSE,FALSE,1,1,0,0,2.73
34225559,https://www.airbnb.com/rooms/34225559,20190714024644,2019-07-14,Amazing Family Central Spacious Apartment,"This amazing apartment in Boston offers a location you'll love! Walk along the Thoreau Path to relax on the great lawn or jog along the Esplanade. You're just minutes from Charles Street with great shopping, fun restaurants and pubs or sporting events and concerts at the Garden. From your private balcony, enjoy unmatched panoramic views of the Boston Harbor, the Charles River, Cambridge, Beacon Hill, and the Back Bay.","You will find the living room the perfect place to gather after a long day of touring the city. A flat screen smart TV is provided so feel free to tune into your favorite Netflix show with a glass of wine. The kitchen is equipped with basic cookware and a Keurig coffee machine along side a variety of coffee pods. We wouldn't want the afternoon slump to get in the way of your travels so please help yourse coffee your heart desires. Linens, towels, and bathroom amenities will be provided.","This amazing apartment in Boston offers a location you'll love! Walk along the Thoreau Path to relax on the great lawn or jog along the Esplanade. You're just minutes from Charles Street with great shopping, fun restaurants and pubs or sporting events and concerts at the Garden. From your private balcony, enjoy unmatched panoramic views of the Boston Harbor, the Charles River, Cambridge, Beacon Hill, and the Back Bay. You will find the living room the perfect place to gather after a long day of touring the city. A flat screen smart TV is provided so feel free to tune into your favorite Netflix show with a glass of wine. The kitchen is equipped with basic cookware and a Keurig coffee machine along side a variety of coffee pods. We wouldn't want the afternoon slump to get in the way of your travels so please help yourse coffee your heart desires. Linens, towels, and bathroom amenities will be provided. Located at a Must-Go location in Boston Area, Beacon Hill. 5 Mins Walking to Train and",none,"Located at a Must-Go location in Boston Area, Beacon Hill. 1 Mins Walking to Train and Subway. Close to hundreds of Restaurants, Bars, CVS, Supermarket and etc.(5 Mins Walk) Close to Most of the Attractions in Boston, Including Boston Common, Harvard University, MIT, Fenway Park, Boston University, Downtown Boston and etc. Complimentary Welcome Drinks & Snacks. No Parties Allowed in This Apartment. Feel free to contact me if you have any questions :) More details are available below.",Other benefits: - Self Check-in and Self Check-out.  - Free Coffee- Variety of choices * - Free Snacks- Variety of choices * - 200Mbps WIFI - Private curved 4K UHD TV - Spacious dining room and living room - Free international worldwide adapter/ AC power plug,NA,NA,"Located at a Must-Go location in Boston Area, Beacon Hill. 5 Mins Walking to Train and Subway. 3 Mins Walking to TD Garden 2  Min Walking to Boston Court House 2 Min Walking to Whole Foods  Close to hundreds of Restaurants, Bars, CVS, Supermarket and etc.(5 Mins Walk) Close to Most of the Attractions in Boston, Including Boston Common, Harvard University, MIT, Fenway Park, Boston University, Downtown Boston and etc. Complimentary Welcome Drinks & Snacks. No Parties Allowed in This Apartment. Feel free to contact me if you have any questions :)",NA,NA,NA,https://a0.muscache.com/im/pictures/ae692af8-c627-4473-b5db-5bb1db8ab3fd.jpg?aki_policy=large,NA,217278349,https://www.airbnb.com/users/show/217278349,David,2018-09-25,"Los Angeles, California, United States",NA,within an hour,97%,N/A,FALSE,https://a0.muscache.com/im/pictures/user/b6d47246-176b-49a0-9908-df5608f0b529.jpg?aki_policy=profile_small,https://a0.muscache.com/im/pictures/user/b6d47246-176b-49a0-9908-df5608f0b529.jpg?aki_policy=profile_x_medium,East Hollywood,4,4,"['email', 'phone', 'offline_government_id', 'selfie', 'government_id', 'identity_manual']",TRUE,TRUE,"Boston, MA, United States",Government Center,Downtown,NA,Boston,MA,02114,Boston,"Boston, MA",US,United States,42.36274,-71.06366,TRUE,Apartment,Entire home/apt,6,2,2,3,Real Bed,"{TV,Wifi,""Air conditioning"",Kitchen,Gym,Elevator,Heating,Washer,Dryer,""Smoke detector"",""Carbon monoxide detector"",Essentials,Shampoo,Hangers,""Hair dryer"",Iron,""Laptop friendly workspace"",""Hot water"",""Bed linens"",Microwave,""Coffee maker"",Refrigerator,Dishwasher,""Dishes and silverware"",""Cooking basics"",Oven,Stove,""Patio or balcony"",""Long term stays allowed"",""No stairs or steps to enter"",""Flat path to guest entrance"",""No stairs or steps to enter"",""No stairs or steps to enter"",""Paid parking on premises""}",NA,$300.00,NA,NA,$0.00,$120.00,1,$0.00,1,1125,1,1,1125,1125,1,1125,6 weeks ago,TRUE,9,29,37,289,2019-07-14,13,13,2019-05-04,2019-06-27,88,9,10,8,8,10,10,FALSE,NA,"{""Massachusetts State"","" Massachusetts State""}",TRUE,FALSE,strict_14_with_grace_period,FALSE,FALSE,1,1,0,0,5.42
36349783,https://www.airbnb.com/rooms/36349783,20190714024644,2019-07-14,Spacious & Modern Room | Close to TD Garden,"Large private room and bathroom near Orange / Green line T Station (North Station), and just minutes from MGH red line. Next to Downtown and one block from the TD Garden, and several pubs and restaurants. Very well located and with everything you need to enjoy Boston. Also just 1 stop away to MIT Sloan",NA,"Large private room and bathroom near Orange / Green line T Station (North Station), and just minutes from MGH red line. Next to Downtown and one block from the TD Garden, and several pubs and restaurants. Very well located and with everything you need to enjoy Boston. Also just 1 stop away to MIT Sloan",none,NA,NA,NA,NA,NA,NA,NA,NA,https://a0.muscache.com/im/pictures/e5742a21-d4cc-4724-b3d0-df925d5f47bf.jpg?aki_policy=large,NA,133407298,https://www.airbnb.com/users/show/133407298,Florencia,2017-06-04,"Cambridge, Massachusetts, United States","I´m originally from Latam, based in Boston for a few years. I love to travel around the world!",within an hour,99%,N/A,TRUE,https://a0.muscache.com/im/pictures/user/4d700812-7359-4bcf-8001-e73f2b1a244a.jpg?aki_policy=profile_small,https://a0.muscache.com/im/pictures/user/4d700812-7359-4bcf-8001-e73f2b1a244a.jpg?aki_policy=profile_x_medium,South Boston,19,19,"['email', 'phone', 'reviews', 'offline_government_id', 'selfie', 'government_id', 'identity_manual', 'work_email']",TRUE,FALSE,"Boston, MA, United States",Government Center,Downtown,NA,Boston,MA,02114,Boston,"Boston, MA",US,United States,42.36331,-71.0626,TRUE,Apartment,Private room,2,1,1,1,Real Bed,"{TV,Wifi,""Air conditioning"",Kitchen,""Paid parking off premises"",Gym,Elevator,Heating,Washer,Dryer,""Smoke detector"",""Carbon monoxide detector"",Essentials,Shampoo,""Lock on bedroom door"",Hangers,""Hair dryer"",Iron,""Laptop friendly workspace"",""Self check-in"",Keypad,""High chair"",""Hot water"",""Luggage dropoff allowed"",""Long term stays allowed"",""Paid parking on premises""}",NA,$109.00,NA,NA,$0.00,$60.00,1,$0.00,2,1125,2,2,1125,1125,2,1125,today,TRUE,25,44,44,44,2019-07-14,0,0,NA,NA,NA,NA,NA,NA,NA,NA,NA,FALSE,NA,"{""Massachusetts State"","" Massachusetts State""}",FALSE,FALSE,strict_14_with_grace_period,FALSE,FALSE,5,3,2,0,NA
